id,query_id,query_group_id,execution_id,brand_in_response,total_sources,sources_with_brand,brand_mention_percentage
955148,259849,6516,13857,0,19,0,0.00
955147,259848,6516,13857,1,20,0,0.00
955146,259847,6516,13857,0,19,0,0.00
955145,259846,6516,13857,0,36,0,0.00
955144,259845,6516,13857,0,18,0,0.00
955143,259844,6516,13857,0,21,0,0.00
955142,259843,6516,13857,0,20,0,0.00
955141,259842,6516,13857,0,34,0,0.00
955140,259841,6516,13857,0,19,0,0.00
955139,259840,6516,13857,1,22,0,0.00
955138,259839,6516,13857,1,27,3,11.11
955137,259838,6516,13857,0,30,2,6.67
955136,259837,6516,13857,0,19,1,5.26
955135,259836,6516,13857,0,19,1,5.26
955134,259835,6516,13857,0,20,0,0.00
955133,259834,6516,13857,0,20,0,0.00
955132,259833,6516,13857,1,22,0,0.00
955131,259832,6516,13857,1,18,1,5.56
955130,259831,6516,13857,0,16,4,25.00
955129,259830,6516,13857,1,28,3,10.71
955128,259829,6516,13857,0,30,2,6.67
955127,259828,6516,13857,0,49,0,0.00
955126,259827,6516,13857,0,27,1,3.70
955125,259826,6516,13857,0,32,0,0.00
955124,259825,6516,13857,0,20,0,0.00
955123,259824,6516,13857,1,28,0,0.00
955122,259823,6516,13857,1,18,2,11.11
955121,259822,6516,13857,1,11,3,27.27
955120,259821,6516,13857,1,18,1,5.56
955119,259820,6516,13857,0,20,1,5.00
955118,259819,6516,13857,0,28,1,3.57
955117,259818,6516,13857,0,19,1,5.26
955116,259817,6516,13857,0,20,0,0.00
955115,259816,6516,13857,0,27,0,0.00
955114,259815,6516,13857,0,17,0,0.00
955113,259814,6516,13857,1,20,2,10.00
955112,259813,6516,13857,0,20,5,25.00
955111,259812,6516,13857,0,18,2,11.11
955110,259811,6516,13857,0,29,2,6.90
955109,259810,6516,13857,1,19,0,0.00
955108,259809,6516,13857,1,32,2,6.25
955107,259808,6516,13857,0,33,0,0.00
955106,259807,6516,13857,0,18,0,0.00
955105,259806,6516,13857,1,32,0,0.00
955104,259805,6516,13857,1,18,3,16.67
955103,259804,6516,13857,1,14,4,28.57
955102,259803,6516,13857,1,20,2,10.00
955101,259802,6516,13857,1,25,1,4.00
955100,259801,6516,13857,0,20,2,10.00
955099,259800,6516,13857,1,27,2,7.41
955085,259799,6515,13856,0,18,0,0.00
955084,259798,6515,13856,0,16,0,0.00
955083,259797,6515,13856,0,14,0,0.00
955082,259796,6515,13856,0,15,0,0.00
955081,259795,6515,13856,0,19,0,0.00
955080,259794,6515,13856,0,13,0,0.00
955079,259793,6515,13856,0,18,0,0.00
955078,259792,6515,13856,0,19,0,0.00
955077,259791,6515,13856,0,16,0,0.00
955076,259790,6515,13856,0,26,0,0.00
955075,259789,6515,13856,1,13,5,38.46
955074,259788,6515,13856,0,2,0,0.00
955073,259787,6515,13856,1,19,1,5.26
955072,259786,6515,13856,1,11,8,72.73
955071,259785,6515,13856,0,12,0,0.00
955070,259784,6515,13856,1,9,2,22.22
955069,259783,6515,13856,1,10,1,10.00
955068,259782,6515,13856,0,29,0,0.00
955067,259781,6515,13856,0,18,0,0.00
955066,259780,6515,13856,0,28,0,0.00
955065,259779,6515,13856,0,10,0,0.00
955064,259778,6515,13856,0,19,0,0.00
955063,259777,6515,13856,0,23,0,0.00
955062,259776,6515,13856,1,17,0,0.00
955061,259775,6515,13856,1,12,4,33.33
955060,259774,6515,13856,0,11,0,0.00
955059,259773,6515,13856,1,15,1,6.67
955058,259772,6515,13856,0,14,0,0.00
955057,259771,6515,13856,1,17,2,11.76
955056,259770,6515,13856,0,16,0,0.00
955055,259769,6515,13856,1,14,5,35.71
955054,259768,6515,13856,1,18,1,5.56
955053,259767,6515,13856,0,12,0,0.00
955052,259766,6515,13856,1,16,2,12.50
955051,259765,6515,13856,0,10,0,0.00
955050,259764,6515,13856,0,23,1,4.35
955049,259763,6515,13856,1,14,2,14.29
955048,259762,6515,13856,0,17,0,0.00
955047,259761,6515,13856,0,28,0,0.00
955046,259760,6515,13856,1,11,0,0.00
955045,259759,6515,13856,1,14,4,28.57
955044,259758,6515,13856,0,7,0,0.00
955043,259757,6515,13856,0,31,0,0.00
955042,259756,6515,13856,1,15,2,13.33
955041,259755,6515,13856,0,22,0,0.00
955040,259754,6515,13856,1,12,4,33.33
955039,259753,6515,13856,0,17,0,0.00
955038,259752,6515,13856,1,12,0,0.00
955037,259751,6515,13856,1,38,1,2.63
955036,259750,6515,13856,1,15,5,33.33
954753,223369,5607,13854,1,34,10,29.41
954752,223368,5607,13854,1,45,20,44.44
954751,223367,5607,13854,0,19,2,10.53
954750,223366,5607,13854,1,35,15,42.86
954749,223365,5607,13854,0,20,1,5.00
954748,223364,5607,13854,1,47,11,23.40
954747,223363,5607,13854,1,26,11,42.31
954746,223362,5607,13854,1,32,13,40.62
954745,223361,5607,13854,1,33,14,42.42
954744,223360,5607,13854,1,18,6,33.33
954743,223359,5607,13854,1,20,6,30.00
954742,223358,5607,13854,1,47,22,46.81
954741,223357,5607,13854,0,17,1,5.88
954740,223356,5607,13854,1,48,17,35.42
954739,223355,5607,13854,1,28,9,32.14
954738,223354,5607,13854,0,36,0,0.00
954737,223353,5607,13854,1,48,16,33.33
954736,223352,5607,13854,1,51,20,39.22
954735,223351,5607,13854,1,34,19,55.88
954734,223350,5607,13854,1,26,12,46.15
954733,223349,5607,13854,1,36,8,22.22
954732,223348,5607,13854,1,31,11,35.48
954731,223347,5607,13854,1,47,16,34.04
954730,223346,5607,13854,0,40,5,12.50
954729,223345,5607,13854,0,20,2,10.00
954728,223344,5607,13854,1,20,9,45.00
954727,223343,5607,13854,1,30,8,26.67
954726,223342,5607,13854,1,20,5,25.00
954725,223341,5607,13854,1,38,8,21.05
954724,223340,5607,13854,1,19,8,42.11
954723,223339,5607,13854,1,42,21,50.00
954722,223338,5607,13854,0,20,5,25.00
954721,223337,5607,13854,0,38,17,44.74
954720,223336,5607,13854,0,40,14,35.00
954719,223335,5607,13854,1,28,14,50.00
954718,223334,5607,13854,1,42,14,33.33
954717,223333,5607,13854,1,21,7,33.33
954716,223332,5607,13854,1,26,4,15.38
954715,223331,5607,13854,1,46,16,34.78
954714,223330,5607,13854,1,56,29,51.79
954713,223329,5607,13854,1,38,10,26.32
954712,223328,5607,13854,1,28,9,32.14
954711,223327,5607,13854,1,52,10,19.23
954710,223326,5607,13854,1,46,15,32.61
954709,223325,5607,13854,1,43,21,48.84
954708,223324,5607,13854,1,20,5,25.00
954707,223323,5607,13854,0,30,1,3.33
954706,223322,5607,13854,0,19,0,0.00
954705,223321,5607,13854,0,21,0,0.00
954704,223320,5607,13854,0,20,2,10.00
954703,223319,5607,13854,0,28,0,0.00
954702,223318,5607,13854,0,17,1,5.88
954701,223317,5607,13854,1,20,3,15.00
954700,223316,5607,13854,0,20,0,0.00
954699,223315,5607,13854,1,18,0,0.00
954698,223314,5607,13854,1,39,16,41.03
954697,223313,5607,13854,1,40,18,45.00
954696,223312,5607,13854,1,52,28,53.85
954695,223311,5607,13854,1,31,18,58.06
954694,223310,5607,13854,1,43,17,39.53
954693,223309,5607,13854,1,19,10,52.63
954692,223308,5607,13854,1,20,6,30.00
954691,223307,5607,13854,1,49,19,38.78
954690,223306,5607,13854,1,43,24,55.81
954689,223305,5607,13854,1,20,5,25.00
954688,223304,5607,13854,1,31,5,16.13
954687,223303,5607,13854,1,43,21,48.84
954686,223302,5607,13854,1,52,26,50.00
954685,223301,5607,13854,1,33,22,66.67
954684,223300,5607,13854,1,20,15,75.00
954683,223299,5607,13854,1,42,21,50.00
954682,223298,5607,13854,1,45,16,35.56
954681,223297,5607,13854,1,36,15,41.67
954680,223296,5607,13854,1,18,5,27.78
954679,223295,5607,13854,1,34,16,47.06
954678,218874,5607,13854,0,22,0,0.00
954677,218873,5607,13854,1,20,3,15.00
954676,218872,5607,13854,0,20,0,0.00
954675,218871,5607,13854,0,20,1,5.00
954674,218870,5607,13854,0,20,0,0.00
954673,218869,5607,13854,1,20,1,5.00
954672,218868,5607,13854,1,36,3,8.33
954671,218867,5607,13854,1,20,6,30.00
954670,218866,5607,13854,1,19,5,26.32
954669,218865,5607,13854,1,28,10,35.71
954668,218864,5607,13854,0,16,1,6.25
954667,218863,5607,13854,0,32,10,31.25
954666,218862,5607,13854,1,19,9,47.37
954665,218861,5607,13854,1,29,8,27.59
954664,218860,5607,13854,1,42,22,52.38
954663,218859,5607,13854,1,31,12,38.71
954662,218858,5607,13854,1,39,15,38.46
954661,218857,5607,13854,1,36,14,38.89
954660,218856,5607,13854,1,33,14,42.42
954659,218855,5607,13854,1,50,14,28.00
954658,218854,5607,13854,0,21,1,4.76
954657,218853,5607,13854,1,18,2,11.11
954656,218852,5607,13854,1,37,15,40.54
954655,218851,5607,13854,1,29,19,65.52
954654,218850,5607,13854,1,34,27,79.41
953610,193576,4350,13845,0,18,2,11.11
953609,193575,4350,13845,1,31,4,12.90
953608,193574,4350,13845,1,14,1,7.14
953607,193573,4350,13845,0,18,4,22.22
953606,193572,4350,13845,0,13,1,7.69
953605,193571,4350,13845,0,18,2,11.11
953604,193570,4350,13845,0,27,3,11.11
953603,193569,4350,13845,1,17,1,5.88
953602,193568,4350,13845,1,18,4,22.22
953601,193567,4350,13845,0,13,1,7.69
953600,193566,4350,13845,0,14,3,21.43
953599,193565,4350,13845,0,17,4,23.53
953598,193564,4350,13845,1,19,2,10.53
953597,193563,4350,13845,0,20,1,5.00
953596,193562,4350,13845,0,17,1,5.88
953595,193561,4350,13845,1,30,2,6.67
953594,193560,4350,13845,0,27,2,7.41
953593,193559,4350,13845,1,20,2,10.00
953592,193558,4350,13845,1,19,2,10.53
953591,193557,4350,13845,1,14,2,14.29
953590,193556,4350,13845,1,15,1,6.67
953589,193555,4350,13845,0,16,3,18.75
953588,193554,4350,13845,0,16,2,12.50
953587,193553,4350,13845,0,15,1,6.67
953586,193552,4350,13845,1,29,9,31.03
953585,193551,4350,13845,0,15,2,13.33
953584,193550,4350,13845,0,17,2,11.76
953583,193549,4350,13845,0,32,2,6.25
953582,193548,4350,13845,1,29,3,10.34
953581,193547,4350,13845,1,15,3,20.00
953580,193546,4350,13845,0,16,2,12.50
953579,193545,4350,13845,0,18,1,5.56
953578,193544,4350,13845,1,16,2,12.50
953577,193543,4350,13845,0,25,2,8.00
953576,193542,4350,13845,1,28,2,7.14
953575,193541,4350,13845,0,21,2,9.52
953574,193540,4350,13845,0,17,2,11.76
953573,193539,4350,13845,0,18,1,5.56
953572,193538,4350,13845,0,15,1,6.67
953571,193537,4350,13845,0,14,2,14.29
953570,193536,4350,13845,0,25,3,12.00
953569,193535,4350,13845,1,29,4,13.79
953568,193534,4350,13845,0,19,6,31.58
953567,193533,4350,13845,0,17,2,11.76
953566,193532,4350,13845,0,8,2,25.00
953565,193531,4350,13845,0,17,1,5.88
953564,193530,4350,13845,1,22,3,13.64
953563,193529,4350,13845,0,24,1,4.17
953562,193528,4350,13845,1,16,3,18.75
953561,193527,4350,13845,0,29,0,0.00
953560,193526,4350,13845,0,26,0,0.00
953559,193525,4350,13845,0,28,3,10.71
953558,193524,4350,13845,1,17,1,5.88
953557,193523,4350,13845,0,18,1,5.56
953556,193522,4350,13845,0,15,1,6.67
953555,193521,4350,13845,1,15,0,0.00
953554,193520,4350,13845,1,17,1,5.88
953553,193519,4350,13845,0,29,2,6.90
953552,193518,4350,13845,1,25,2,8.00
953551,193517,4350,13845,0,23,3,13.04
953550,193516,4350,13845,1,20,3,15.00
953549,193515,4350,13845,1,17,3,17.65
953548,193514,4350,13845,0,16,1,6.25
953547,193513,4350,13845,1,26,1,3.85
953546,193512,4350,13845,0,16,1,6.25
953545,193511,4350,13845,1,14,2,14.29
953544,193510,4350,13845,0,15,2,13.33
953543,193509,4350,13845,1,15,1,6.67
953542,193508,4350,13845,0,28,4,14.29
953541,193507,4350,13845,1,19,3,15.79
953540,193506,4350,13845,0,12,2,16.67
953539,193505,4350,13845,0,15,3,20.00
953538,193504,4350,13845,0,24,3,12.50
953537,193503,4350,13845,1,19,3,15.79
953536,193502,4350,13845,1,15,1,6.67
953535,179760,4350,13845,0,17,1,5.88
953534,179759,4350,13845,0,19,2,10.53
953533,179758,4350,13845,1,17,1,5.88
953532,179757,4350,13845,1,13,1,7.69
953531,179756,4350,13845,0,15,1,6.67
953530,179755,4350,13845,0,27,3,11.11
953529,179754,4350,13845,1,17,2,11.76
953528,179753,4350,13845,0,27,6,22.22
953527,179752,4350,13845,1,18,3,16.67
953526,179751,4350,13845,1,18,4,22.22
953525,179750,4350,13845,0,27,2,7.41
953524,179749,4350,13845,1,16,2,12.50
953523,179748,4350,13845,0,28,4,14.29
953522,179747,4350,13845,1,16,5,31.25
953521,179746,4350,13845,1,27,1,3.70
953520,179745,4350,13845,0,20,1,5.00
953519,179744,4350,13845,0,24,3,12.50
953518,179743,4350,13845,0,19,1,5.26
953517,179742,4350,13845,1,15,2,13.33
953516,179741,4350,13845,1,15,3,20.00
953515,179740,4350,13845,1,26,1,3.85
953514,179739,4350,13845,0,29,2,6.90
953513,179738,4350,13845,0,19,1,5.26
953512,179737,4350,13845,0,20,3,15.00
953511,179736,4350,13845,1,23,1,4.35
953468,213196,4101,13844,1,23,2,8.70
953467,179135,4101,13844,1,16,1,6.25
953466,179134,4101,13844,0,17,1,5.88
953465,179133,4101,13844,0,16,1,6.25
953464,179132,4101,13844,0,17,0,0.00
953463,179131,4101,13844,1,13,1,7.69
953462,179127,4101,13844,1,19,1,5.26
953461,179126,4101,13844,1,19,1,5.26
953460,179125,4101,13844,1,15,1,6.67
953459,179124,4101,13844,0,18,0,0.00
953458,179123,4101,13844,1,17,1,5.88
953457,179122,4101,13844,1,28,2,7.14
953456,179121,4101,13844,1,14,2,14.29
953455,179120,4101,13844,1,25,2,8.00
953454,179118,4101,13844,1,14,3,21.43
953453,179117,4101,13844,0,18,0,0.00
953452,179115,4101,13844,1,17,1,5.88
953451,179113,4101,13844,1,19,1,5.26
953450,179112,4101,13844,1,27,2,7.41
953449,179110,4101,13844,1,17,2,11.76
953448,179109,4101,13844,1,21,2,9.52
953447,179108,4101,13844,0,14,1,7.14
953446,179106,4101,13844,1,20,1,5.00
953444,179104,4101,13844,1,15,1,6.67
953443,179103,4101,13844,0,26,0,0.00
953442,179102,4101,13844,1,16,2,12.50
953441,179101,4101,13844,1,16,1,6.25
953440,179100,4101,13844,1,33,1,3.03
953439,179099,4101,13844,1,20,1,5.00
953438,179098,4101,13844,1,14,1,7.14
953437,179097,4101,13844,1,16,2,12.50
953436,179096,4101,13844,1,30,3,10.00
953435,179095,4101,13844,0,18,0,0.00
953434,179094,4101,13844,1,12,1,8.33
953433,179093,4101,13844,1,30,0,0.00
953432,179092,4101,13844,1,16,2,12.50
953431,179091,4101,13844,0,20,0,0.00
953430,179089,4101,13844,0,17,0,0.00
953429,179088,4101,13844,0,17,1,5.88
953428,179087,4101,13844,1,19,1,5.26
953427,179085,4101,13844,0,28,0,0.00
953426,179084,4101,13844,0,19,3,15.79
953424,179079,4101,13844,1,21,2,9.52
953423,179076,4101,13844,1,17,2,11.76
953422,179075,4101,13844,0,21,0,0.00
953421,179074,4101,13844,1,15,1,6.67
953420,179073,4101,13844,0,19,0,0.00
953419,179072,4101,13844,1,16,3,18.75
953418,179071,4101,13844,1,14,3,21.43
953417,179070,4101,13844,1,21,3,14.29
953416,179069,4101,13844,1,22,1,4.55
953415,179068,4101,13844,1,24,1,4.17
953414,179067,4101,13844,1,13,1,7.69
953413,179066,4101,13844,1,15,1,6.67
953411,179064,4101,13844,1,16,2,12.50
953410,179063,4101,13844,0,21,1,4.76
953409,179062,4101,13844,1,16,1,6.25
953408,179061,4101,13844,1,24,1,4.17
953407,172067,4101,13844,0,24,1,4.17
953406,172066,4101,13844,0,14,0,0.00
953405,172065,4101,13844,0,17,0,0.00
953404,172064,4101,13844,1,15,1,6.67
953403,172063,4101,13844,1,18,2,11.11
953402,172062,4101,13844,1,18,3,16.67
953401,172061,4101,13844,1,24,1,4.17
953400,172060,4101,13844,1,12,1,8.33
953399,172059,4101,13844,0,17,0,0.00
953398,172058,4101,13844,1,20,1,5.00
953397,172057,4101,13844,1,14,1,7.14
953396,172056,4101,13844,1,13,1,7.69
953395,172055,4101,13844,1,30,0,0.00
953394,172054,4101,13844,1,17,1,5.88
953393,172052,4101,13844,1,16,2,12.50
953392,172051,4101,13844,1,29,2,6.90
953391,172050,4101,13844,1,26,2,7.69
953390,172049,4101,13844,0,18,0,0.00
953389,172048,4101,13844,1,16,1,6.25
953388,172047,4101,13844,1,15,1,6.67
953387,172046,4101,13844,1,16,3,18.75
953386,172045,4101,13844,0,21,0,0.00
953385,172044,4101,13844,1,13,1,7.69
953384,172043,4101,13844,1,27,1,3.70
952896,156173,3078,13841,0,30,1,3.33
952895,156172,3078,13841,0,41,10,24.39
952894,156171,3078,13841,0,21,2,9.52
952893,156170,3078,13841,0,19,5,26.32
952892,156169,3078,13841,0,20,3,15.00
952891,156168,3078,13841,0,19,0,0.00
952890,143558,3078,13841,0,20,4,20.00
952889,143557,3078,13841,0,39,6,15.38
952888,143556,3078,13841,0,37,2,5.41
952887,143555,3078,13841,0,31,7,22.58
952886,143553,3078,13841,1,46,16,34.78
952885,143552,3078,13841,1,36,15,41.67
952884,143551,3078,13841,1,36,16,44.44
952883,143549,3078,13841,0,34,5,14.71
952882,143548,3078,13841,0,19,3,15.79
952881,143547,3078,13841,1,44,10,22.73
952880,143546,3078,13841,1,30,6,20.00
952879,143545,3078,13841,0,35,4,11.43
952878,143544,3078,13841,1,24,4,16.67
952877,143543,3078,13841,0,10,1,10.00
952876,143542,3078,13841,1,33,10,30.30
952875,143541,3078,13841,0,28,10,35.71
952874,143540,3078,13841,0,41,16,39.02
952873,143539,3078,13841,1,32,3,9.38
952872,143538,3078,13841,0,18,4,22.22
952871,143537,3078,13841,0,43,9,20.93
952870,143536,3078,13841,0,51,9,17.65
952869,143534,3078,13841,1,18,1,5.56
952868,143533,3078,13841,0,31,1,3.23
952867,143532,3078,13841,1,23,6,26.09
952866,143531,3078,13841,0,19,2,10.53
952865,143530,3078,13841,0,24,0,0.00
952864,143529,3078,13841,0,22,1,4.55
952863,143528,3078,13841,0,23,3,13.04
952862,143527,3078,13841,1,47,18,38.30
952861,143526,3078,13841,0,32,3,9.38
952860,143525,3078,13841,0,26,1,3.85
952859,143524,3078,13841,0,42,7,16.67
952858,143523,3078,13841,0,26,6,23.08
952857,143522,3078,13841,1,43,16,37.21
952856,143521,3078,13841,0,20,4,20.00
952855,143520,3078,13841,1,48,17,35.42
952854,143519,3078,13841,1,33,7,21.21
952853,143518,3078,13841,0,20,3,15.00
952852,143517,3078,13841,0,42,9,21.43
952851,143516,3078,13841,0,42,3,7.14
952850,143515,3078,13841,1,29,10,34.48
952849,143514,3078,13841,0,31,7,22.58
952848,143513,3078,13841,0,45,3,6.67
952847,143512,3078,13841,0,23,1,4.35
952846,143511,3078,13841,0,39,5,12.82
952845,143510,3078,13841,0,36,7,19.44
952844,143509,3078,13841,0,18,0,0.00
952843,143508,3078,13841,0,29,3,10.34
952842,143507,3078,13841,0,33,4,12.12
952841,143506,3078,13841,0,21,5,23.81
952840,143505,3078,13841,0,30,1,3.33
952839,143504,3078,13841,0,29,0,0.00
952838,143503,3078,13841,0,14,1,7.14
952837,143502,3078,13841,0,29,1,3.45
952836,143501,3078,13841,0,41,7,17.07
952835,143500,3078,13841,0,20,5,25.00
952834,143499,3078,13841,0,19,4,21.05
952833,143498,3078,13841,0,45,4,8.89
952832,143497,3078,13841,0,20,4,20.00
952831,143496,3078,13841,0,34,2,5.88
952830,143495,3078,13841,0,27,2,7.41
952829,143494,3078,13841,1,36,6,16.67
952828,143493,3078,13841,0,19,3,15.79
952827,143492,3078,13841,0,26,1,3.85
952826,143491,3078,13841,0,36,9,25.00
952825,143225,3078,13841,0,46,17,36.96
952824,143204,3078,13841,1,14,5,35.71
952823,143203,3078,13841,0,37,1,2.70
952822,143202,3078,13841,0,38,8,21.05
952821,143201,3078,13841,1,43,8,18.60
952820,143200,3078,13841,1,36,14,38.89
952819,143199,3078,13841,0,36,13,36.11
952818,143198,3078,13841,1,33,15,45.45
952817,141304,3078,13841,0,40,0,0.00
952816,141303,3078,13841,0,48,5,10.42
952815,141302,3078,13841,0,20,2,10.00
952814,141301,3078,13841,0,46,13,28.26
952813,141300,3078,13841,0,47,9,19.15
952812,141299,3078,13841,0,18,7,38.89
952811,141297,3078,13841,1,45,12,26.67
952810,141296,3078,13841,0,44,7,15.91
952809,141294,3078,13841,0,27,1,3.70
952807,141292,3078,13841,0,48,14,29.17
952806,141291,3078,13841,0,20,3,15.00
952805,141290,3078,13841,0,18,7,38.89
952804,141289,3078,13841,0,32,8,25.00
952803,141288,3078,13841,0,46,18,39.13
952802,141287,3078,13841,0,29,12,41.38
952801,141286,3078,13841,0,47,14,29.79
952800,141285,3078,13841,0,45,13,28.89
952799,141284,3078,13841,0,32,6,18.75
952798,141280,3078,13841,0,28,2,7.14
952797,141278,3078,13841,0,30,3,10.00
952796,141277,3078,13841,1,43,12,27.91
952795,141276,3078,13841,0,32,12,37.50
952794,141275,3078,13841,0,18,5,27.78
952793,141274,3078,13841,1,43,12,27.91
952792,141273,3078,13841,0,43,9,20.93
952791,141268,3078,13841,1,50,16,32.00
952790,141267,3078,13841,1,16,4,25.00
952789,141266,3078,13841,0,32,11,34.38
952788,141265,3078,13841,0,20,6,30.00
952787,141264,3078,13841,0,21,9,42.86
952786,141263,3078,13841,0,45,7,15.56
952785,141262,3078,13841,0,31,7,22.58
952784,141258,3078,13841,0,47,5,10.64
952783,141256,3078,13841,0,28,10,35.71
952782,141255,3078,13841,1,48,7,14.58
952781,141254,3078,13841,0,10,2,20.00
952780,141253,3078,13841,1,40,8,20.00
952779,141252,3078,13841,1,39,6,15.38
952778,141251,3078,13841,0,42,7,16.67
952777,141247,3078,13841,0,39,4,10.26
952776,141246,3078,13841,0,38,14,36.84
952775,141245,3078,13841,0,41,14,34.15
952774,141244,3078,13841,1,46,12,26.09
952773,141243,3078,13841,1,39,19,48.72
952772,141242,3078,13841,0,30,11,36.67
952771,141241,3078,13841,0,42,17,40.48
952770,141240,3078,13841,0,49,15,30.61
952769,141235,3078,13841,1,24,11,45.83
952768,141234,3078,13841,0,45,6,13.33
952767,141233,3078,13841,0,20,3,15.00
952766,138410,3078,13841,0,31,1,3.23
952765,138409,3078,13841,1,29,11,37.93
952764,138408,3078,13841,0,40,18,45.00
952763,138407,3078,13841,0,42,19,45.24
952762,138406,3078,13841,0,20,4,20.00
952761,138403,3078,13841,0,14,7,50.00
952760,138402,3078,13841,1,20,11,55.00
952759,138401,3078,13841,0,50,10,20.00
952758,138400,3078,13841,0,38,8,21.05
952757,138399,3078,13841,0,45,20,44.44
952756,138398,3078,13841,0,11,3,27.27
952755,138397,3078,13841,0,45,16,35.56
952754,138396,3078,13841,0,29,6,20.69
952753,138392,3078,13841,1,30,11,36.67
952752,138391,3078,13841,0,42,16,38.10
952751,138390,3078,13841,1,42,11,26.19
952750,138389,3078,13841,1,51,19,37.25
952749,138388,3078,13841,0,31,12,38.71
952748,138387,3078,13841,0,21,3,14.29
952747,138386,3078,13841,1,9,5,55.56
952225,259711,6514,13836,0,20,0,0.00
952224,259710,6514,13836,0,19,0,0.00
952223,259709,6514,13836,0,15,0,0.00
952222,259708,6514,13836,0,19,0,0.00
952221,259707,6514,13836,0,19,0,0.00
952220,259706,6514,13836,0,39,0,0.00
952219,259705,6514,13836,0,38,0,0.00
952218,259704,6514,13836,0,26,1,3.85
952217,259703,6514,13836,0,34,0,0.00
952216,259702,6514,13836,0,21,1,4.76
952215,259701,6514,13836,0,16,0,0.00
952214,259700,6514,13836,0,50,3,6.00
952213,259699,6514,13836,0,19,0,0.00
952212,259698,6514,13836,0,28,6,21.43
952211,259697,6514,13836,0,19,3,15.79
952210,259696,6514,13836,0,29,1,3.45
952209,259695,6514,13836,0,20,7,35.00
952208,259694,6514,13836,0,36,0,0.00
952207,259693,6514,13836,0,37,8,21.62
952206,259692,6514,13836,0,44,3,6.82
952205,259691,6514,13836,0,31,0,0.00
952204,259690,6514,13836,0,28,6,21.43
952203,259689,6514,13836,0,19,0,0.00
952202,259688,6514,13836,0,26,11,42.31
952201,259687,6514,13836,0,26,1,3.85
952200,259686,6514,13836,0,37,3,8.11
952199,259685,6514,13836,0,14,3,21.43
952198,259684,6514,13836,0,22,2,9.09
952197,259683,6514,13836,0,35,1,2.86
952196,259682,6514,13836,0,17,1,5.88
952195,259681,6514,13836,0,39,2,5.13
952194,259680,6514,13836,0,17,0,0.00
952193,259679,6514,13836,0,31,6,19.35
952192,259678,6514,13836,0,30,10,33.33
952191,259677,6514,13836,0,24,3,12.50
952190,259676,6514,13836,0,43,11,25.58
952189,259675,6514,13836,0,30,7,23.33
952188,259674,6514,13836,0,39,5,12.82
952187,259673,6514,13836,0,32,7,21.88
952186,259672,6514,13836,0,35,4,11.43
952185,259671,6514,13836,0,25,2,8.00
952184,259670,6514,13836,0,18,3,16.67
952183,259669,6514,13836,0,31,3,9.68
952182,259668,6514,13836,0,37,13,35.14
952181,259667,6514,13836,0,43,5,11.63
952180,259666,6514,13836,0,27,7,25.93
952179,259665,6514,13836,0,14,1,7.14
952178,259664,6514,13836,0,31,4,12.90
952177,259663,6514,13836,0,29,6,20.69
952176,259662,6514,13836,0,33,4,12.12
952162,259661,6513,13835,0,35,0,0.00
952161,259660,6513,13835,0,21,0,0.00
952160,259659,6513,13835,0,22,0,0.00
952159,259658,6513,13835,0,31,0,0.00
952158,259657,6513,13835,0,18,0,0.00
952157,259656,6513,13835,0,21,0,0.00
952156,259655,6513,13835,0,22,0,0.00
952155,259654,6513,13835,0,22,0,0.00
952154,259653,6513,13835,0,20,0,0.00
952153,259652,6513,13835,0,38,0,0.00
952152,259651,6513,13835,1,20,8,40.00
952151,259650,6513,13835,0,37,0,0.00
952150,259649,6513,13835,0,35,0,0.00
952149,259648,6513,13835,0,15,0,0.00
952148,259647,6513,13835,1,20,4,20.00
952147,259646,6513,13835,0,20,0,0.00
952146,259645,6513,13835,0,10,0,0.00
952145,259644,6513,13835,1,15,1,6.67
952144,259643,6513,13835,0,30,0,0.00
952143,259642,6513,13835,1,20,3,15.00
952142,259641,6513,13835,0,21,0,0.00
952141,259640,6513,13835,1,20,3,15.00
952140,259639,6513,13835,0,22,0,0.00
952139,259638,6513,13835,1,19,1,5.26
952138,259637,6513,13835,0,20,0,0.00
952137,259636,6513,13835,1,20,4,20.00
952136,259635,6513,13835,1,19,5,26.32
952135,259634,6513,13835,0,15,1,6.67
952134,259633,6513,13835,0,20,0,0.00
952133,259632,6513,13835,1,14,3,21.43
952132,259631,6513,13835,0,18,0,0.00
952131,259630,6513,13835,0,22,0,0.00
952130,259629,6513,13835,1,17,2,11.76
952129,259628,6513,13835,0,19,0,0.00
952128,259627,6513,13835,1,13,2,15.38
952127,259626,6513,13835,0,22,0,0.00
952126,259625,6513,13835,1,29,5,17.24
952125,259624,6513,13835,0,20,0,0.00
952124,259623,6513,13835,0,21,0,0.00
952123,259622,6513,13835,1,15,1,6.67
952122,259621,6513,13835,0,17,0,0.00
952121,259620,6513,13835,1,18,2,11.11
952120,259619,6513,13835,0,28,0,0.00
952119,259618,6513,13835,0,18,1,5.56
952118,259617,6513,13835,0,32,0,0.00
952117,259616,6513,13835,1,16,1,6.25
952116,259615,6513,13835,1,19,4,21.05
952115,259614,6513,13835,0,19,0,0.00
952114,259613,6513,13835,0,31,0,0.00
952113,259612,6513,13835,1,19,3,15.79
952099,259611,6512,13834,0,19,0,0.00
952098,259610,6512,13834,0,16,0,0.00
952097,259609,6512,13834,0,17,0,0.00
952096,259608,6512,13834,0,16,0,0.00
952095,259607,6512,13834,0,29,0,0.00
952094,259606,6512,13834,0,19,0,0.00
952093,259605,6512,13834,0,29,0,0.00
952092,259604,6512,13834,0,17,0,0.00
952091,259603,6512,13834,0,29,0,0.00
952090,259602,6512,13834,0,28,0,0.00
952089,259601,6512,13834,0,21,0,0.00
952088,259600,6512,13834,0,35,0,0.00
952087,259599,6512,13834,0,17,0,0.00
952086,259598,6512,13834,0,18,0,0.00
952085,259597,6512,13834,0,16,0,0.00
952084,259596,6512,13834,0,33,0,0.00
952083,259595,6512,13834,0,28,0,0.00
952082,259594,6512,13834,0,18,0,0.00
952081,259593,6512,13834,0,18,0,0.00
952080,259592,6512,13834,0,28,0,0.00
952079,259591,6512,13834,0,28,0,0.00
952078,259590,6512,13834,1,24,1,4.17
952077,259589,6512,13834,0,14,0,0.00
952076,259588,6512,13834,0,19,0,0.00
952075,259587,6512,13834,0,18,0,0.00
952074,259586,6512,13834,0,18,0,0.00
952073,259585,6512,13834,0,19,0,0.00
952072,259584,6512,13834,0,30,0,0.00
952071,259583,6512,13834,0,16,0,0.00
952070,259582,6512,13834,0,14,0,0.00
952069,259581,6512,13834,0,16,0,0.00
952068,259580,6512,13834,0,16,0,0.00
952067,259579,6512,13834,0,43,0,0.00
952066,259578,6512,13834,0,14,0,0.00
952065,259577,6512,13834,0,17,1,5.88
952064,259576,6512,13834,0,32,0,0.00
952063,259575,6512,13834,0,25,0,0.00
952062,259574,6512,13834,1,13,1,7.69
952061,259573,6512,13834,0,27,0,0.00
952060,259572,6512,13834,0,28,0,0.00
952059,259571,6512,13834,0,28,0,0.00
952058,259570,6512,13834,0,16,0,0.00
952057,259569,6512,13834,0,37,0,0.00
952056,259568,6512,13834,0,19,0,0.00
952055,259567,6512,13834,0,29,0,0.00
952054,259566,6512,13834,0,29,0,0.00
952053,259565,6512,13834,0,20,0,0.00
952052,259564,6512,13834,0,19,0,0.00
952051,259563,6512,13834,0,15,0,0.00
952050,259562,6512,13834,0,19,0,0.00
952036,259561,6511,13833,0,20,0,0.00
952035,259560,6511,13833,0,20,0,0.00
952034,259559,6511,13833,0,16,0,0.00
952033,259558,6511,13833,0,34,0,0.00
952032,259557,6511,13833,0,24,0,0.00
952031,259556,6511,13833,0,25,0,0.00
952030,259555,6511,13833,0,19,0,0.00
952029,259554,6511,13833,0,28,0,0.00
952028,259553,6511,13833,0,17,0,0.00
952027,259552,6511,13833,0,21,0,0.00
952026,259551,6511,13833,0,18,1,5.56
952025,259550,6511,13833,0,20,0,0.00
952024,259549,6511,13833,0,40,0,0.00
952023,259548,6511,13833,0,21,0,0.00
952022,259547,6511,13833,0,20,0,0.00
952021,259546,6511,13833,0,16,0,0.00
952020,259545,6511,13833,0,18,1,5.56
952019,259544,6511,13833,0,20,0,0.00
952018,259543,6511,13833,0,29,0,0.00
952017,259542,6511,13833,0,20,0,0.00
952016,259541,6511,13833,1,17,4,23.53
952015,259540,6511,13833,0,20,0,0.00
952014,259539,6511,13833,0,19,0,0.00
952013,259538,6511,13833,1,32,10,31.25
952012,259537,6511,13833,0,25,1,4.00
952011,259536,6511,13833,0,18,1,5.56
952010,259535,6511,13833,1,18,5,27.78
952009,259534,6511,13833,0,17,0,0.00
952008,259533,6511,13833,0,15,0,0.00
952007,259532,6511,13833,0,25,0,0.00
952006,259531,6511,13833,1,17,1,5.88
952005,259530,6511,13833,0,19,0,0.00
952004,259529,6511,13833,0,20,0,0.00
952003,259528,6511,13833,1,24,2,8.33
952002,259527,6511,13833,1,15,5,33.33
952001,259526,6511,13833,1,20,4,20.00
952000,259525,6511,13833,0,33,0,0.00
951999,259524,6511,13833,0,30,0,0.00
951998,259523,6511,13833,0,20,0,0.00
951997,259522,6511,13833,0,17,0,0.00
951996,259521,6511,13833,0,18,0,0.00
951995,259520,6511,13833,1,18,1,5.56
951994,259519,6511,13833,0,20,0,0.00
951993,259518,6511,13833,1,31,0,0.00
951992,259517,6511,13833,0,34,0,0.00
951991,259516,6511,13833,0,38,0,0.00
951990,259515,6511,13833,0,18,0,0.00
951989,259514,6511,13833,0,28,0,0.00
951988,259513,6511,13833,1,16,4,25.00
951987,259512,6511,13833,1,29,2,6.90
951973,259511,6510,13832,1,24,5,20.83
951972,259510,6510,13832,1,17,5,29.41
951971,259509,6510,13832,0,18,0,0.00
951970,259508,6510,13832,0,27,7,25.93
951969,259507,6510,13832,1,16,2,12.50
951968,259506,6510,13832,0,26,0,0.00
951967,259505,6510,13832,1,19,2,10.53
951966,259504,6510,13832,0,33,2,6.06
951965,259503,6510,13832,0,26,9,34.62
951964,259502,6510,13832,1,27,4,14.81
951963,259501,6510,13832,1,20,3,15.00
951962,259500,6510,13832,0,20,3,15.00
951961,259499,6510,13832,1,18,1,5.56
951960,259498,6510,13832,1,20,5,25.00
951959,259497,6510,13832,1,20,8,40.00
951958,259496,6510,13832,1,17,4,23.53
951957,259495,6510,13832,0,20,3,15.00
951956,259494,6510,13832,0,18,1,5.56
951955,259493,6510,13832,0,19,2,10.53
951954,259492,6510,13832,1,15,6,40.00
951953,259491,6510,13832,0,18,5,27.78
951952,259490,6510,13832,0,17,3,17.65
951951,259489,6510,13832,0,18,3,16.67
951950,259488,6510,13832,1,19,9,47.37
951949,259487,6510,13832,1,19,2,10.53
951948,259486,6510,13832,0,23,4,17.39
951947,259485,6510,13832,0,26,7,26.92
951946,259484,6510,13832,0,41,7,17.07
951945,259483,6510,13832,0,23,3,13.04
951944,259482,6510,13832,1,18,5,27.78
951943,259481,6510,13832,1,18,3,16.67
951942,259480,6510,13832,0,15,2,13.33
951941,259479,6510,13832,0,20,5,25.00
951940,259478,6510,13832,0,17,2,11.76
951939,259477,6510,13832,1,17,2,11.76
951938,259476,6510,13832,0,20,1,5.00
951937,259475,6510,13832,1,19,3,15.79
951936,259474,6510,13832,0,28,5,17.86
951935,259473,6510,13832,1,17,4,23.53
951934,259472,6510,13832,0,18,9,50.00
951933,259471,6510,13832,1,19,4,21.05
951932,259470,6510,13832,1,21,5,23.81
951931,259469,6510,13832,0,20,2,10.00
951930,259468,6510,13832,1,20,4,20.00
951929,259467,6510,13832,1,20,6,30.00
951928,259466,6510,13832,1,16,4,25.00
951927,259465,6510,13832,0,20,2,10.00
951926,259464,6510,13832,0,30,4,13.33
951925,259463,6510,13832,0,14,2,14.29
951924,259462,6510,13832,1,24,13,54.17
951896,248389,5991,13831,0,31,0,0.00
951895,248388,5991,13831,0,43,15,34.88
951894,248387,5991,13831,0,33,2,6.06
951893,248386,5991,13831,0,33,3,9.09
951892,248385,5991,13831,0,25,0,0.00
951891,248384,5991,13831,0,39,3,7.69
951890,248383,5991,13831,1,34,21,61.76
951889,248382,5991,13831,0,31,1,3.23
951888,248381,5991,13831,0,19,3,15.79
951887,248380,5991,13831,1,27,2,7.41
951886,248379,5991,13831,0,44,12,27.27
951885,248378,5991,13831,0,22,1,4.55
951884,248377,5991,13831,0,30,0,0.00
951883,248376,5991,13831,0,20,1,5.00
951882,248375,5991,13831,0,23,12,52.17
951881,248374,5991,13831,0,44,2,4.55
951880,248373,5991,13831,0,25,3,12.00
951879,248372,5991,13831,0,31,0,0.00
951878,248371,5991,13831,0,34,1,2.94
951877,248370,5991,13831,0,43,7,16.28
951876,248369,5991,13831,0,25,1,4.00
951875,248368,5991,13831,0,23,0,0.00
951874,248367,5991,13831,0,34,0,0.00
951873,248366,5991,13831,1,45,5,11.11
951872,248365,5991,13831,1,19,12,63.16
951871,248364,5991,13831,0,29,0,0.00
951870,248363,5991,13831,0,28,2,7.14
951869,248362,5991,13831,0,28,1,3.57
951868,248361,5991,13831,0,15,6,40.00
951867,248360,5991,13831,0,21,2,9.52
951866,248359,5991,13831,0,40,4,10.00
951865,248358,5991,13831,0,29,2,6.90
951864,248357,5991,13831,0,45,14,31.11
951863,248356,5991,13831,0,19,0,0.00
951862,248355,5991,13831,1,34,3,8.82
951861,248354,5991,13831,0,35,2,5.71
951860,248353,5991,13831,0,34,2,5.88
951859,248352,5991,13831,1,16,7,43.75
951858,248351,5991,13831,0,20,1,5.00
951857,248350,5991,13831,0,34,0,0.00
951856,248349,5991,13831,0,18,0,0.00
951855,248348,5991,13831,1,29,12,41.38
951854,248347,5991,13831,1,42,4,9.52
951853,248346,5991,13831,0,30,4,13.33
951852,248345,5991,13831,0,44,2,4.55
951851,248344,5991,13831,0,31,1,3.23
951850,248343,5991,13831,0,20,4,20.00
951849,248342,5991,13831,0,19,0,0.00
951848,248341,5991,13831,0,20,1,5.00
951847,248340,5991,13831,0,38,5,13.16
951846,248339,5991,13831,0,20,10,50.00
951845,248338,5991,13831,0,33,2,6.06
951844,248337,5991,13831,1,43,3,6.98
951843,248336,5991,13831,0,50,7,14.00
951842,248335,5991,13831,0,30,4,13.33
951841,248334,5991,13831,1,35,3,8.57
951840,248333,5991,13831,0,34,0,0.00
951839,248332,5991,13831,0,34,0,0.00
951838,248331,5991,13831,1,32,12,37.50
951837,248330,5991,13831,0,23,1,4.35
951836,248329,5991,13831,0,40,2,5.00
951835,248328,5991,13831,0,34,0,0.00
951834,248327,5991,13831,0,55,2,3.64
951833,248326,5991,13831,1,36,22,61.11
951832,248325,5991,13831,0,29,1,3.45
951831,248324,5991,13831,0,30,2,6.67
951830,248323,5991,13831,1,40,4,10.00
951829,248322,5991,13831,1,30,18,60.00
951828,248321,5991,13831,0,23,1,4.35
951827,248320,5991,13831,0,33,1,3.03
951826,248319,5991,13831,0,38,5,13.16
951825,248318,5991,13831,0,36,1,2.78
951824,248317,5991,13831,0,33,1,3.03
951823,248316,5991,13831,0,42,26,61.90
951822,248315,5991,13831,1,37,16,43.24
951821,232388,5991,13831,0,42,1,2.38
951820,232387,5991,13831,0,45,1,2.22
951819,232386,5991,13831,0,30,9,30.00
951818,232385,5991,13831,0,47,3,6.38
951817,232384,5991,13831,0,37,0,0.00
951816,232383,5991,13831,0,32,2,6.25
951815,232382,5991,13831,1,36,20,55.56
951814,232381,5991,13831,0,17,0,0.00
951813,232380,5991,13831,1,18,2,11.11
951812,232379,5991,13831,0,34,1,2.94
951811,232378,5991,13831,0,38,5,13.16
951810,232377,5991,13831,0,25,5,20.00
951809,232376,5991,13831,1,20,11,55.00
951808,232375,5991,13831,0,18,0,0.00
951807,232374,5991,13831,0,29,3,10.34
951806,232373,5991,13831,0,16,0,0.00
951805,232372,5991,13831,1,29,18,62.07
951804,232371,5991,13831,0,33,0,0.00
951803,232370,5991,13831,0,25,1,4.00
951802,232369,5991,13831,1,37,3,8.11
951801,232368,5991,13831,0,30,4,13.33
951800,232367,5991,13831,0,37,15,40.54
951799,232366,5991,13831,0,41,2,4.88
951798,232365,5991,13831,1,18,3,16.67
951797,232364,5991,13831,0,40,3,7.50
951234,219274,5256,13824,1,15,2,13.33
951233,219273,5256,13824,1,14,3,21.43
951232,219272,5256,13824,1,20,2,10.00
951231,219271,5256,13824,1,16,4,25.00
951230,219270,5256,13824,0,13,0,0.00
951229,219269,5256,13824,0,16,2,12.50
951228,219268,5256,13824,0,36,0,0.00
951227,219267,5256,13824,1,17,4,23.53
951226,219266,5256,13824,1,18,5,27.78
951225,219265,5256,13824,1,17,1,5.88
951224,219264,5256,13824,0,13,2,15.38
951223,219263,5256,13824,1,16,4,25.00
951222,219262,5256,13824,1,34,7,20.59
951221,219261,5256,13824,1,34,2,5.88
951220,219260,5256,13824,1,17,6,35.29
951219,219259,5256,13824,0,28,0,0.00
951218,219258,5256,13824,1,41,20,48.78
951217,219257,5256,13824,1,29,11,37.93
951216,219256,5256,13824,1,32,10,31.25
951215,219255,5256,13824,0,18,0,0.00
951214,219254,5256,13824,1,25,2,8.00
951213,219253,5256,13824,0,14,2,14.29
951212,219252,5256,13824,1,14,4,28.57
951211,219251,5256,13824,1,24,5,20.83
951210,219250,5256,13824,1,29,13,44.83
951209,219249,5256,13824,0,46,7,15.22
951208,219248,5256,13824,0,16,2,12.50
951207,219247,5256,13824,1,33,16,48.48
951206,219246,5256,13824,1,26,4,15.38
951205,219245,5256,13824,1,27,10,37.04
951204,219244,5256,13824,1,15,1,6.67
951203,219243,5256,13824,1,36,11,30.56
951202,219242,5256,13824,1,17,4,23.53
951201,219241,5256,13824,1,16,7,43.75
951200,219240,5256,13824,1,37,2,5.41
951199,219239,5256,13824,0,18,0,0.00
951198,219238,5256,13824,1,18,1,5.56
951197,219237,5256,13824,0,30,6,20.00
951196,219236,5256,13824,1,15,6,40.00
951195,219235,5256,13824,0,26,5,19.23
951194,219234,5256,13824,0,28,2,7.14
951193,219233,5256,13824,0,17,4,23.53
951192,219232,5256,13824,0,13,1,7.69
951191,219231,5256,13824,1,27,10,37.04
951190,219230,5256,13824,1,30,9,30.00
951189,219229,5256,13824,0,25,3,12.00
951188,219228,5256,13824,1,17,4,23.53
951187,219227,5256,13824,0,20,1,5.00
951186,219226,5256,13824,1,35,14,40.00
951185,219225,5256,13824,1,26,4,15.38
951184,219224,5256,13824,1,39,6,15.38
951183,219223,5256,13824,0,16,1,6.25
951182,219222,5256,13824,0,35,2,5.71
951181,219221,5256,13824,0,35,1,2.86
951180,219220,5256,13824,1,22,6,27.27
951179,219219,5256,13824,0,35,6,17.14
951178,219218,5256,13824,1,33,3,9.09
951177,219217,5256,13824,1,16,7,43.75
951176,219216,5256,13824,1,20,1,5.00
951175,219215,5256,13824,1,26,6,23.08
951174,219214,5256,13824,1,30,7,23.33
951173,219213,5256,13824,1,31,13,41.94
951172,219212,5256,13824,1,14,2,14.29
951171,219211,5256,13824,0,25,1,4.00
951170,219210,5256,13824,1,26,8,30.77
951169,219209,5256,13824,1,24,7,29.17
951168,219208,5256,13824,1,18,1,5.56
951167,219207,5256,13824,0,20,2,10.00
951166,219206,5256,13824,0,30,4,13.33
951165,219205,5256,13824,0,18,2,11.11
951164,219204,5256,13824,1,22,7,31.82
951163,219203,5256,13824,0,34,8,23.53
951162,219202,5256,13824,1,19,4,21.05
951161,219201,5256,13824,1,26,8,30.77
951160,219200,5256,13824,1,35,7,20.00
951159,210949,5256,13824,1,16,3,18.75
951158,210948,5256,13824,1,24,9,37.50
951157,210947,5256,13824,0,19,2,10.53
951156,210946,5256,13824,0,22,5,22.73
951155,210945,5256,13824,0,34,5,14.71
951154,210944,5256,13824,1,32,15,46.88
951153,210943,5256,13824,1,27,8,29.63
951152,207889,5256,13824,1,34,7,20.59
951151,207888,5256,13824,0,13,1,7.69
951150,207887,5256,13824,1,18,4,22.22
951149,207886,5256,13824,1,18,8,44.44
951148,207885,5256,13824,0,19,1,5.26
951147,207884,5256,13824,1,22,6,27.27
951146,207883,5256,13824,1,24,9,37.50
951145,207882,5256,13824,0,36,5,13.89
951144,207881,5256,13824,1,18,2,11.11
951143,207880,5256,13824,1,43,21,48.84
951142,207879,5256,13824,1,34,12,35.29
951141,207878,5256,13824,1,43,17,39.53
951140,207877,5256,13824,1,32,6,18.75
951139,207875,5256,13824,1,33,3,9.09
951138,207874,5256,13824,1,26,3,11.54
951137,207873,5256,13824,1,26,8,30.77
951136,207871,5256,13824,0,20,0,0.00
951135,207870,5256,13824,1,30,11,36.67
951134,207869,5256,13824,1,15,5,33.33
951133,207868,5256,13824,1,35,9,25.71
951132,207866,5256,13824,1,27,6,22.22
951131,207865,5256,13824,1,16,8,50.00
950716,165007,3552,13820,0,21,0,0.00
950715,165006,3552,13820,0,19,0,0.00
950714,165005,3552,13820,0,20,0,0.00
950713,165004,3552,13820,0,24,0,0.00
950712,165003,3552,13820,0,19,0,0.00
950711,165002,3552,13820,0,31,0,0.00
950710,165001,3552,13820,0,30,0,0.00
950709,165000,3552,13820,0,35,0,0.00
950708,164999,3552,13820,0,29,0,0.00
950707,164998,3552,13820,0,19,0,0.00
950706,164997,3552,13820,0,18,0,0.00
950705,164996,3552,13820,0,19,0,0.00
950704,164995,3552,13820,0,21,0,0.00
950703,164994,3552,13820,0,20,0,0.00
950702,164993,3552,13820,0,17,1,5.88
950701,164992,3552,13820,0,34,1,2.94
950700,164991,3552,13820,1,16,1,6.25
950699,164990,3552,13820,0,19,2,10.53
950698,164989,3552,13820,0,35,1,2.86
950697,164988,3552,13820,0,29,3,10.34
950696,164987,3552,13820,0,30,2,6.67
950695,164986,3552,13820,0,31,0,0.00
950694,164985,3552,13820,0,27,0,0.00
950693,164984,3552,13820,0,17,0,0.00
950692,164983,3552,13820,0,20,0,0.00
950691,164982,3552,13820,0,15,0,0.00
950690,164981,3552,13820,0,19,0,0.00
950689,164980,3552,13820,0,13,1,7.69
950688,164979,3552,13820,0,35,2,5.71
950687,164978,3552,13820,0,17,0,0.00
950686,164977,3552,13820,0,26,2,7.69
950685,164976,3552,13820,0,14,0,0.00
950684,164975,3552,13820,0,30,0,0.00
950683,164974,3552,13820,0,20,2,10.00
950682,164973,3552,13820,0,31,0,0.00
950681,164972,3552,13820,0,18,0,0.00
950680,164971,3552,13820,0,16,1,6.25
950679,164970,3552,13820,0,18,1,5.56
950678,164969,3552,13820,0,16,0,0.00
950677,164968,3552,13820,0,30,1,3.33
950676,164967,3552,13820,0,16,0,0.00
950675,164966,3552,13820,0,19,0,0.00
950674,164965,3552,13820,0,20,0,0.00
950673,164964,3552,13820,1,13,1,7.69
950672,164963,3552,13820,0,31,0,0.00
950671,164962,3552,13820,0,32,2,6.25
950670,164961,3552,13820,0,18,0,0.00
950669,164960,3552,13820,0,37,1,2.70
950668,164959,3552,13820,0,28,1,3.57
950667,164958,3552,13820,0,30,3,10.00
950666,164957,3552,13820,0,17,0,0.00
950665,164956,3552,13820,0,19,0,0.00
950664,164955,3552,13820,0,17,0,0.00
950663,164954,3552,13820,0,17,1,5.88
950662,164953,3552,13820,0,15,1,6.67
950661,164952,3552,13820,0,35,1,2.86
950660,164951,3552,13820,0,36,0,0.00
950659,164950,3552,13820,0,32,0,0.00
950658,164949,3552,13820,0,23,0,0.00
950657,164948,3552,13820,0,30,0,0.00
950655,164946,3552,13820,0,37,1,2.70
950654,164945,3552,13820,0,18,0,0.00
950653,164944,3552,13820,0,17,1,5.88
950652,164943,3552,13820,0,17,1,5.88
950651,164942,3552,13820,0,15,0,0.00
950650,164941,3552,13820,0,32,2,6.25
950649,164940,3552,13820,0,17,0,0.00
950648,164939,3552,13820,0,17,1,5.88
950647,164938,3552,13820,0,31,2,6.45
950646,164937,3552,13820,0,21,1,4.76
950645,164936,3552,13820,0,34,1,2.94
950644,164935,3552,13820,0,14,0,0.00
950643,164934,3552,13820,0,28,2,7.14
950642,164933,3552,13820,0,42,3,7.14
950641,153224,3552,13820,0,39,0,0.00
950640,153223,3552,13820,0,41,0,0.00
950639,153222,3552,13820,0,31,2,6.45
950638,153221,3552,13820,0,30,1,3.33
950637,153220,3552,13820,1,22,3,13.64
950636,153219,3552,13820,0,37,1,2.70
950635,153217,3552,13820,0,14,0,0.00
950634,153216,3552,13820,0,20,0,0.00
950633,153215,3552,13820,1,25,2,8.00
950632,153214,3552,13820,0,34,1,2.94
950631,153213,3552,13820,0,32,1,3.12
950630,153212,3552,13820,1,29,3,10.34
950629,153211,3552,13820,0,29,3,10.34
950628,153210,3552,13820,0,28,1,3.57
950627,153209,3552,13820,1,33,0,0.00
950626,153207,3552,13820,1,34,2,5.88
950625,153206,3552,13820,0,23,1,4.35
950624,153204,3552,13820,0,33,2,6.06
950623,153203,3552,13820,1,25,3,12.00
950390,129968,2430,13816,0,27,2,7.41
950389,129967,2430,13816,1,30,8,26.67
950388,129966,2430,13816,0,29,1,3.45
950387,129965,2430,13816,1,20,6,30.00
950386,129964,2430,13816,0,20,0,0.00
950385,129963,2430,13816,0,30,2,6.67
950384,129962,2430,13816,1,31,28,90.32
950383,129961,2430,13816,1,39,35,89.74
950382,129960,2430,13816,1,31,16,51.61
950381,129959,2430,13816,1,33,1,3.03
950380,129958,2430,13816,0,26,3,11.54
950379,129957,2430,13816,1,37,5,13.51
950378,129956,2430,13816,1,37,1,2.70
950377,129955,2430,13816,1,17,0,0.00
950376,129954,2430,13816,1,31,26,83.87
950375,129953,2430,13816,1,25,25,100.00
950374,129952,2430,13816,1,22,21,95.45
950373,129951,2430,13816,1,25,23,92.00
950372,129950,2430,13816,1,28,27,96.43
950371,129949,2430,13816,1,29,25,86.21
950370,129948,2430,13816,1,20,6,30.00
950369,129947,2430,13816,1,24,23,95.83
950368,129946,2430,13816,1,30,27,90.00
950367,129945,2430,13816,0,28,2,7.14
950366,129944,2430,13816,1,26,12,46.15
950365,129943,2430,13816,1,29,27,93.10
950364,129942,2430,13816,1,25,23,92.00
950363,129941,2430,13816,1,32,4,12.50
950362,129940,2430,13816,0,16,0,0.00
950361,129939,2430,13816,1,30,29,96.67
950360,129938,2430,13816,1,15,1,6.67
950359,129937,2430,13816,1,17,13,76.47
950358,129936,2430,13816,1,30,27,90.00
950357,129935,2430,13816,1,28,14,50.00
950356,129934,2430,13816,1,31,24,77.42
950355,129933,2430,13816,1,27,24,88.89
950354,129932,2430,13816,1,28,26,92.86
950353,129931,2430,13816,1,37,31,83.78
950352,129930,2430,13816,1,30,23,76.67
950351,129929,2430,13816,1,10,4,40.00
950350,129928,2430,13816,0,24,1,4.17
950349,129927,2430,13816,1,20,0,0.00
950348,129926,2430,13816,1,19,16,84.21
950347,129925,2430,13816,0,27,27,100.00
950346,129924,2430,13816,1,32,22,68.75
950345,129923,2430,13816,1,26,3,11.54
950344,129922,2430,13816,1,33,31,93.94
950343,129921,2430,13816,1,34,31,91.18
950342,129920,2430,13816,1,33,4,12.12
950341,129919,2430,13816,0,31,5,16.13
950340,129918,2430,13816,1,32,24,75.00
950339,129917,2430,13816,1,36,1,2.78
950338,129916,2430,13816,1,19,3,15.79
950337,129915,2430,13816,1,25,24,96.00
950336,129914,2430,13816,1,29,26,89.66
950335,129913,2430,13816,1,29,26,89.66
950334,129912,2430,13816,1,18,11,61.11
950333,129911,2430,13816,1,37,32,86.49
950332,129910,2430,13816,1,37,2,5.41
950331,129909,2430,13816,1,28,24,85.71
950330,129908,2430,13816,1,29,23,79.31
950329,129907,2430,13816,0,41,0,0.00
950328,129906,2430,13816,1,16,12,75.00
950327,129905,2430,13816,0,42,4,9.52
950326,129904,2430,13816,1,27,25,92.59
950325,129903,2430,13816,1,18,17,94.44
950324,129902,2430,13816,1,30,27,90.00
950323,129901,2430,13816,1,17,15,88.24
950322,129900,2430,13816,1,31,28,90.32
950321,129899,2430,13816,1,30,28,93.33
950320,129898,2430,13816,0,19,4,21.05
950319,129897,2430,13816,1,32,28,87.50
950318,129896,2430,13816,1,27,26,96.30
950317,129895,2430,13816,1,31,29,93.55
950316,129894,2430,13816,0,32,29,90.62
950315,121074,2430,13816,0,40,1,2.50
950314,121073,2430,13816,0,19,0,0.00
950313,121072,2430,13816,0,19,0,0.00
950312,121071,2430,13816,0,44,1,2.27
950311,121070,2430,13816,1,30,28,93.33
950310,121069,2430,13816,1,15,1,6.67
950309,121068,2430,13816,1,28,27,96.43
950308,121067,2430,13816,1,32,27,84.38
950307,121066,2430,13816,1,30,4,13.33
950306,121065,2430,13816,1,35,29,82.86
950305,121064,2430,13816,1,30,26,86.67
950304,121063,2430,13816,0,30,0,0.00
950303,121062,2430,13816,0,29,0,0.00
950302,121061,2430,13816,1,20,3,15.00
950301,121060,2430,13816,1,37,8,21.62
950300,121059,2430,13816,1,18,15,83.33
950299,121058,2430,13816,1,26,20,76.92
950298,121057,2430,13816,1,25,23,92.00
950297,121056,2430,13816,1,25,22,88.00
950296,121055,2430,13816,1,31,26,83.87
950295,121054,2430,13816,0,35,2,5.71
950294,121053,2430,13816,1,27,24,88.89
950293,121052,2430,13816,1,26,24,92.31
950292,121051,2430,13816,1,32,29,90.62
950291,121050,2430,13816,1,32,27,84.38
949835,259261,6505,13809,0,18,0,0.00
949834,259260,6505,13809,0,38,0,0.00
949833,259259,6505,13809,0,10,0,0.00
949832,259258,6505,13809,0,21,0,0.00
949831,259257,6505,13809,0,32,0,0.00
949830,259256,6505,13809,0,20,0,0.00
949829,259255,6505,13809,0,19,0,0.00
949828,259254,6505,13809,0,28,0,0.00
949827,259253,6505,13809,0,23,0,0.00
949826,259252,6505,13809,0,32,0,0.00
949825,259251,6505,13809,0,20,1,5.00
949824,259250,6505,13809,0,17,1,5.88
949823,259249,6505,13809,0,11,0,0.00
949822,259248,6505,13809,0,19,0,0.00
949821,259247,6505,13809,0,31,0,0.00
949820,259246,6505,13809,0,19,1,5.26
949819,259245,6505,13809,0,10,0,0.00
949818,259244,6505,13809,0,22,0,0.00
949817,259243,6505,13809,0,16,2,12.50
949816,259242,6505,13809,0,20,0,0.00
949815,259241,6505,13809,0,20,1,5.00
949814,259240,6505,13809,0,31,0,0.00
949813,259239,6505,13809,0,28,0,0.00
949812,259238,6505,13809,0,37,1,2.70
949811,259237,6505,13809,0,17,0,0.00
949810,259236,6505,13809,0,16,1,6.25
949809,259235,6505,13809,0,16,2,12.50
949808,259234,6505,13809,0,12,1,8.33
949807,259233,6505,13809,0,20,0,0.00
949806,259232,6505,13809,0,26,0,0.00
949805,259231,6505,13809,0,20,1,5.00
949804,259230,6505,13809,0,18,0,0.00
949803,259229,6505,13809,0,20,0,0.00
949802,259228,6505,13809,0,32,0,0.00
949801,259227,6505,13809,0,20,1,5.00
949800,259226,6505,13809,0,20,0,0.00
949799,259225,6505,13809,0,14,0,0.00
949798,259224,6505,13809,0,20,1,5.00
949797,259223,6505,13809,0,20,2,10.00
949796,259222,6505,13809,0,18,0,0.00
949795,259221,6505,13809,0,20,0,0.00
949794,259220,6505,13809,0,20,3,15.00
949793,259219,6505,13809,0,31,0,0.00
949792,259218,6505,13809,0,33,0,0.00
949791,259217,6505,13809,0,23,1,4.35
949790,259216,6505,13809,0,19,0,0.00
949789,259215,6505,13809,0,22,1,4.55
949788,259214,6505,13809,0,20,0,0.00
949787,259213,6505,13809,0,17,0,0.00
949786,259212,6505,13809,0,28,2,7.14
949754,259193,6504,13808,0,48,29,60.42
949753,259192,6504,13808,0,32,21,65.62
949752,259191,6504,13808,1,28,18,64.29
949751,259190,6504,13808,0,16,12,75.00
949750,259189,6504,13808,0,18,13,72.22
949749,259188,6504,13808,0,27,9,33.33
949748,259187,6504,13808,0,18,9,50.00
949747,259186,6504,13808,0,28,16,57.14
949746,259185,6504,13808,0,36,13,36.11
949745,259184,6504,13808,1,18,13,72.22
949744,259183,6504,13808,1,19,4,21.05
949743,259182,6504,13808,1,39,13,33.33
949742,259181,6504,13808,1,28,13,46.43
949741,259180,6504,13808,1,19,8,42.11
949740,259179,6504,13808,0,30,17,56.67
949739,259178,6504,13808,0,24,9,37.50
949738,259177,6504,13808,1,26,25,96.15
949737,259176,6504,13808,0,27,12,44.44
949736,259175,6504,13808,0,28,17,60.71
949735,259174,6504,13808,0,27,15,55.56
949734,259173,6504,13808,1,39,21,53.85
949733,259172,6504,13808,1,36,11,30.56
949732,259171,6504,13808,0,37,13,35.14
949731,259170,6504,13808,1,19,18,94.74
949730,259169,6504,13808,1,34,16,47.06
949729,259168,6504,13808,0,43,28,65.12
949728,259167,6504,13808,1,29,16,55.17
949727,259166,6504,13808,1,27,11,40.74
949726,259165,6504,13808,1,27,12,44.44
949725,259164,6504,13808,0,30,19,63.33
949724,259163,6504,13808,1,34,10,29.41
949723,259162,6504,13808,1,26,13,50.00
949709,259161,6503,13807,1,50,1,2.00
949708,259160,6503,13807,0,36,1,2.78
949707,259159,6503,13807,0,56,2,3.57
949706,259158,6503,13807,0,36,0,0.00
949705,259157,6503,13807,0,14,1,7.14
949704,259156,6503,13807,0,45,5,11.11
949703,259155,6503,13807,0,31,2,6.45
949702,259154,6503,13807,1,14,3,21.43
949701,259153,6503,13807,0,22,0,0.00
949700,259152,6503,13807,1,27,8,29.63
949699,259151,6503,13807,0,47,5,10.64
949698,259150,6503,13807,0,15,0,0.00
949697,259149,6503,13807,0,15,1,6.67
949696,259148,6503,13807,0,15,0,0.00
949695,259147,6503,13807,0,25,1,4.00
949694,259146,6503,13807,0,43,2,4.65
949693,259145,6503,13807,1,27,6,22.22
949692,259144,6503,13807,0,13,1,7.69
949691,259143,6503,13807,0,16,1,6.25
949690,259142,6503,13807,0,12,1,8.33
949689,259141,6503,13807,0,13,0,0.00
949688,259140,6503,13807,0,15,0,0.00
949687,259139,6503,13807,0,26,0,0.00
949686,259138,6503,13807,0,30,0,0.00
949685,259137,6503,13807,0,16,1,6.25
949684,259136,6503,13807,0,28,2,7.14
949683,259135,6503,13807,0,27,0,0.00
949682,259134,6503,13807,0,29,0,0.00
949681,259133,6503,13807,0,38,3,7.89
949680,259132,6503,13807,1,28,2,7.14
949679,259131,6503,13807,0,28,0,0.00
949678,259130,6503,13807,1,16,0,0.00
949677,259129,6503,13807,0,16,1,6.25
949676,259128,6503,13807,0,14,0,0.00
949675,259127,6503,13807,0,12,0,0.00
949674,259126,6503,13807,0,29,5,17.24
949673,259125,6503,13807,0,12,2,16.67
949672,259124,6503,13807,0,15,2,13.33
949671,259123,6503,13807,0,13,0,0.00
949670,259122,6503,13807,0,17,1,5.88
949669,259121,6503,13807,0,40,4,10.00
949668,259120,6503,13807,0,28,0,0.00
949667,259119,6503,13807,1,29,5,17.24
949666,259118,6503,13807,0,15,1,6.67
949665,259117,6503,13807,1,24,6,25.00
949664,259116,6503,13807,0,41,3,7.32
949663,259115,6503,13807,0,26,3,11.54
949662,259114,6503,13807,0,16,2,12.50
949661,259113,6503,13807,0,33,6,18.18
949660,259112,6503,13807,1,35,9,25.71
949583,259061,6501,13805,0,19,0,0.00
949582,259060,6501,13805,0,21,0,0.00
949581,259059,6501,13805,1,37,2,5.41
949580,259058,6501,13805,0,21,0,0.00
949579,259057,6501,13805,0,30,0,0.00
949578,259056,6501,13805,0,35,0,0.00
949577,259055,6501,13805,0,25,0,0.00
949576,259054,6501,13805,0,20,0,0.00
949575,259053,6501,13805,0,22,0,0.00
949574,259052,6501,13805,0,37,0,0.00
949573,259051,6501,13805,0,19,0,0.00
949572,259050,6501,13805,0,29,0,0.00
949571,259049,6501,13805,0,19,0,0.00
949570,259048,6501,13805,0,20,0,0.00
949569,259047,6501,13805,0,20,0,0.00
949568,259046,6501,13805,0,35,0,0.00
949567,259045,6501,13805,0,26,0,0.00
949566,259044,6501,13805,0,31,1,3.23
949565,259043,6501,13805,0,20,0,0.00
949564,259042,6501,13805,0,30,0,0.00
949563,259041,6501,13805,0,34,0,0.00
949562,259040,6501,13805,0,25,2,8.00
949561,259039,6501,13805,0,27,0,0.00
949560,259038,6501,13805,1,33,1,3.03
949559,259037,6501,13805,0,30,0,0.00
949558,259036,6501,13805,0,20,0,0.00
949557,259035,6501,13805,0,28,0,0.00
949556,259034,6501,13805,0,21,0,0.00
949555,259033,6501,13805,0,20,0,0.00
949554,259032,6501,13805,0,24,0,0.00
949553,259031,6501,13805,0,38,0,0.00
949552,259030,6501,13805,0,22,0,0.00
949551,259029,6501,13805,0,20,0,0.00
949550,259028,6501,13805,0,20,0,0.00
949549,259027,6501,13805,0,21,0,0.00
949548,259026,6501,13805,0,19,0,0.00
949547,259025,6501,13805,0,39,0,0.00
949546,259024,6501,13805,0,20,0,0.00
949545,259023,6501,13805,0,44,1,2.27
949544,259022,6501,13805,0,19,0,0.00
949543,259021,6501,13805,0,20,0,0.00
949542,259020,6501,13805,0,19,0,0.00
949541,259019,6501,13805,0,20,0,0.00
949540,259018,6501,13805,0,36,0,0.00
949539,259017,6501,13805,0,21,0,0.00
949538,259016,6501,13805,0,20,1,5.00
949537,259015,6501,13805,0,21,1,4.76
949536,259014,6501,13805,0,20,0,0.00
949535,259013,6501,13805,0,19,0,0.00
949534,259012,6501,13805,0,19,0,0.00
949520,259011,6500,13804,0,20,2,10.00
949519,259010,6500,13804,0,37,1,2.70
949518,259009,6500,13804,0,17,0,0.00
949517,259008,6500,13804,0,14,0,0.00
949516,259007,6500,13804,0,17,0,0.00
949515,259006,6500,13804,0,20,0,0.00
949514,259005,6500,13804,0,23,0,0.00
949513,259004,6500,13804,0,23,0,0.00
949512,259003,6500,13804,0,16,0,0.00
949511,259002,6500,13804,0,42,2,4.76
949510,259001,6500,13804,0,20,0,0.00
949509,259000,6500,13804,0,20,0,0.00
949508,258999,6500,13804,0,43,0,0.00
949507,258998,6500,13804,0,20,0,0.00
949506,258997,6500,13804,0,17,0,0.00
949505,258996,6500,13804,0,20,0,0.00
949504,258995,6500,13804,0,25,1,4.00
949503,258994,6500,13804,0,14,0,0.00
949502,258993,6500,13804,0,19,0,0.00
949501,258992,6500,13804,0,37,0,0.00
949500,258991,6500,13804,0,39,2,5.13
949499,258990,6500,13804,0,17,0,0.00
949498,258989,6500,13804,0,37,0,0.00
949497,258988,6500,13804,0,39,6,15.38
949496,258987,6500,13804,0,12,1,8.33
949495,258986,6500,13804,0,21,0,0.00
949494,258985,6500,13804,0,25,0,0.00
949493,258984,6500,13804,0,30,0,0.00
949492,258983,6500,13804,0,46,0,0.00
949491,258982,6500,13804,0,34,0,0.00
949490,258981,6500,13804,0,20,0,0.00
949489,258980,6500,13804,0,12,0,0.00
949488,258979,6500,13804,0,29,1,3.45
949487,258978,6500,13804,0,20,0,0.00
949486,258977,6500,13804,1,32,1,3.12
949485,258976,6500,13804,0,21,0,0.00
949484,258975,6500,13804,0,31,0,0.00
949483,258974,6500,13804,0,33,0,0.00
949482,258973,6500,13804,0,45,3,6.67
949481,258972,6500,13804,0,37,0,0.00
949480,258971,6500,13804,0,42,0,0.00
949479,258970,6500,13804,0,23,0,0.00
949478,258969,6500,13804,0,15,0,0.00
949477,258968,6500,13804,0,18,0,0.00
949476,258967,6500,13804,0,19,0,0.00
949475,258966,6500,13804,0,41,6,14.63
949474,258965,6500,13804,0,22,0,0.00
949473,258964,6500,13804,0,41,0,0.00
949472,258963,6500,13804,0,34,1,2.94
949471,258962,6500,13804,0,25,0,0.00
949394,258911,6498,13802,0,14,0,0.00
949393,258910,6498,13802,0,13,0,0.00
949392,258909,6498,13802,0,19,0,0.00
949391,258908,6498,13802,0,34,0,0.00
949390,258907,6498,13802,0,18,0,0.00
949389,258906,6498,13802,0,18,0,0.00
949388,258905,6498,13802,0,25,2,8.00
949387,258904,6498,13802,0,19,0,0.00
949386,258903,6498,13802,0,16,1,6.25
949385,258902,6498,13802,0,16,1,6.25
949384,258901,6498,13802,0,17,1,5.88
949383,258900,6498,13802,0,18,1,5.56
949382,258899,6498,13802,0,16,0,0.00
949381,258898,6498,13802,0,18,1,5.56
949380,258897,6498,13802,1,16,1,6.25
949379,258896,6498,13802,0,20,2,10.00
949378,258895,6498,13802,0,32,4,12.50
949377,258894,6498,13802,1,16,2,12.50
949376,258893,6498,13802,0,11,0,0.00
949375,258892,6498,13802,0,19,1,5.26
949374,258891,6498,13802,0,20,0,0.00
949373,258890,6498,13802,0,16,1,6.25
949372,258889,6498,13802,0,16,0,0.00
949371,258888,6498,13802,0,15,0,0.00
949370,258887,6498,13802,0,18,2,11.11
949369,258886,6498,13802,0,25,1,4.00
949368,258885,6498,13802,0,19,0,0.00
949367,258884,6498,13802,0,27,3,11.11
949366,258883,6498,13802,0,30,5,16.67
949365,258882,6498,13802,1,16,1,6.25
949364,258881,6498,13802,0,17,2,11.76
949363,258880,6498,13802,0,31,0,0.00
949362,258879,6498,13802,0,18,0,0.00
949361,258878,6498,13802,0,32,2,6.25
949360,258877,6498,13802,1,28,6,21.43
949359,258876,6498,13802,0,25,1,4.00
949358,258875,6498,13802,0,30,0,0.00
949357,258874,6498,13802,0,25,1,4.00
949356,258873,6498,13802,1,15,2,13.33
949355,258872,6498,13802,1,15,1,6.67
949354,258871,6498,13802,0,15,1,6.67
949353,258870,6498,13802,0,28,0,0.00
949352,258869,6498,13802,0,28,0,0.00
949351,258868,6498,13802,0,17,0,0.00
949350,258867,6498,13802,0,12,0,0.00
949349,258866,6498,13802,0,30,1,3.33
949348,258865,6498,13802,0,28,0,0.00
949347,258864,6498,13802,0,16,1,6.25
949346,258863,6498,13802,0,17,1,5.88
949345,258862,6498,13802,0,40,0,0.00
949190,230226,5941,13800,0,20,6,30.00
949189,230225,5941,13800,0,30,10,33.33
949188,230224,5941,13800,0,10,5,50.00
949187,230223,5941,13800,0,20,13,65.00
949186,230222,5941,13800,0,22,8,36.36
949185,230221,5941,13800,0,26,8,30.77
949184,230220,5941,13800,0,34,24,70.59
949183,230219,5941,13800,0,19,2,10.53
949182,230218,5941,13800,0,21,8,38.10
949181,230217,5941,13800,0,24,6,25.00
949180,230216,5941,13800,0,35,11,31.43
949179,230215,5941,13800,0,35,12,34.29
949178,230214,5941,13800,0,22,5,22.73
949177,230213,5941,13800,0,38,12,31.58
949176,230212,5941,13800,1,25,24,96.00
949175,230211,5941,13800,0,20,10,50.00
949174,230210,5941,13800,0,28,21,75.00
949173,230209,5941,13800,0,32,24,75.00
949172,230208,5941,13800,0,20,13,65.00
949171,230207,5941,13800,0,48,27,56.25
949170,230206,5941,13800,1,34,26,76.47
949169,230205,5941,13800,0,35,21,60.00
949168,230204,5941,13800,0,31,17,54.84
949167,230203,5941,13800,0,35,28,80.00
949166,230202,5941,13800,0,20,11,55.00
949165,230201,5941,13800,1,23,15,65.22
949164,230200,5941,13800,0,33,24,72.73
949163,230199,5941,13800,1,34,28,82.35
949162,230198,5941,13800,0,20,12,60.00
949161,230197,5941,13800,0,31,23,74.19
949160,230196,5941,13800,0,48,34,70.83
949159,230195,5941,13800,0,18,12,66.67
949158,230194,5941,13800,1,20,10,50.00
949157,230193,5941,13800,0,28,19,67.86
949156,230192,5941,13800,1,19,12,63.16
949155,230191,5941,13800,0,26,17,65.38
949154,230190,5941,13800,0,54,31,57.41
949153,230189,5941,13800,0,35,25,71.43
949152,230188,5941,13800,0,29,22,75.86
949151,230187,5941,13800,0,21,15,71.43
949150,230186,5941,13800,1,19,16,84.21
949149,230185,5941,13800,0,34,16,47.06
949148,230184,5941,13800,0,34,26,76.47
949147,230183,5941,13800,1,20,14,70.00
949146,230182,5941,13800,0,38,20,52.63
949145,230181,5941,13800,1,40,28,70.00
949144,230180,5941,13800,0,18,15,83.33
949143,230179,5941,13800,0,29,21,72.41
949142,230178,5941,13800,0,21,16,76.19
949141,230177,5941,13800,1,56,34,60.71
949140,230176,5941,13800,0,28,23,82.14
949139,230175,5941,13800,0,34,28,82.35
949138,230174,5941,13800,1,19,13,68.42
949137,230173,5941,13800,0,22,14,63.64
949136,230172,5941,13800,0,20,14,70.00
949135,230171,5941,13800,0,31,23,74.19
949134,230170,5941,13800,1,48,31,64.58
949133,230169,5941,13800,0,42,23,54.76
949132,230168,5941,13800,1,29,24,82.76
949131,230167,5941,13800,0,38,22,57.89
949130,230166,5941,13800,0,20,15,75.00
949129,230165,5941,13800,0,31,19,61.29
949128,230164,5941,13800,0,26,18,69.23
949127,230163,5941,13800,0,28,21,75.00
949126,230162,5941,13800,1,27,15,55.56
949125,230161,5941,13800,0,20,18,90.00
949124,230160,5941,13800,0,37,18,48.65
949123,230159,5941,13800,1,39,30,76.92
949122,230158,5941,13800,0,20,11,55.00
949121,230157,5941,13800,0,20,13,65.00
949120,230156,5941,13800,1,37,14,37.84
949119,230155,5941,13800,1,33,26,78.79
949118,230154,5941,13800,0,34,23,67.65
949117,230153,5941,13800,1,40,28,70.00
949116,230152,5941,13800,0,41,26,63.41
949115,229825,5941,13800,0,29,20,68.97
949114,229824,5941,13800,0,21,12,57.14
949113,229823,5941,13800,0,25,13,52.00
949112,229822,5941,13800,0,31,24,77.42
949111,229821,5941,13800,0,29,24,82.76
949110,229820,5941,13800,1,47,32,68.09
949109,229819,5941,13800,1,20,12,60.00
949108,229818,5941,13800,0,32,25,78.12
949107,229817,5941,13800,0,38,31,81.58
949106,229816,5941,13800,0,31,21,67.74
949105,229815,5941,13800,0,26,17,65.38
949104,229814,5941,13800,0,37,25,67.57
949103,229813,5941,13800,0,20,15,75.00
949102,229812,5941,13800,0,31,20,64.52
949101,229811,5941,13800,0,29,20,68.97
949100,229810,5941,13800,0,25,14,56.00
949099,229809,5941,13800,0,20,14,70.00
949098,229808,5941,13800,1,29,25,86.21
949097,229807,5941,13800,0,37,27,72.97
949096,229806,5941,13800,0,10,5,50.00
949095,229805,5941,13800,0,31,21,67.74
949094,229804,5941,13800,0,30,22,73.33
949093,229803,5941,13800,0,37,18,48.65
949092,229802,5941,13800,0,53,30,56.60
949091,229801,5941,13800,1,30,21,70.00
948936,209291,5299,13798,0,21,1,4.76
948935,209290,5299,13798,0,20,0,0.00
948934,209289,5299,13798,0,31,0,0.00
948933,209288,5299,13798,0,20,0,0.00
948932,209287,5299,13798,0,28,0,0.00
948931,209286,5299,13798,0,19,0,0.00
948930,209285,5299,13798,0,19,1,5.26
948929,209284,5299,13798,0,21,0,0.00
948928,209283,5299,13798,0,18,0,0.00
948927,209282,5299,13798,1,20,3,15.00
948926,209281,5299,13798,0,19,0,0.00
948925,209280,5299,13798,0,20,2,10.00
948924,209279,5299,13798,0,19,1,5.26
948923,209278,5299,13798,0,22,0,0.00
948922,209277,5299,13798,0,20,1,5.00
948921,209276,5299,13798,1,20,5,25.00
948920,209275,5299,13798,0,29,1,3.45
948919,209274,5299,13798,0,20,0,0.00
948918,209273,5299,13798,0,20,0,0.00
948917,209272,5299,13798,0,31,1,3.23
948916,209271,5299,13798,0,20,0,0.00
948915,209270,5299,13798,0,20,1,5.00
948914,209269,5299,13798,0,19,0,0.00
948913,209268,5299,13798,0,19,0,0.00
948912,209267,5299,13798,0,37,0,0.00
948911,209266,5299,13798,1,34,2,5.88
948910,209265,5299,13798,0,22,2,9.09
948909,209264,5299,13798,0,20,1,5.00
948908,209263,5299,13798,0,20,3,15.00
948907,209262,5299,13798,0,30,2,6.67
948906,209261,5299,13798,1,21,1,4.76
948905,209260,5299,13798,0,16,1,6.25
948904,209259,5299,13798,0,34,0,0.00
948903,209258,5299,13798,0,38,0,0.00
948902,209257,5299,13798,0,20,1,5.00
948901,209256,5299,13798,0,15,0,0.00
948900,209255,5299,13798,0,18,2,11.11
948899,209254,5299,13798,0,30,2,6.67
948898,209253,5299,13798,1,20,5,25.00
948897,209252,5299,13798,0,35,0,0.00
948896,209251,5299,13798,0,20,0,0.00
948895,209250,5299,13798,0,34,0,0.00
948894,209249,5299,13798,0,20,0,0.00
948893,209248,5299,13798,0,22,0,0.00
948892,209247,5299,13798,0,18,0,0.00
948891,209246,5299,13798,1,38,1,2.63
948890,209245,5299,13798,1,18,4,22.22
948889,209244,5299,13798,0,20,2,10.00
948888,209243,5299,13798,0,20,1,5.00
948887,209242,5299,13798,0,20,1,5.00
948886,209241,5299,13798,0,14,0,0.00
948885,209240,5299,13798,0,20,0,0.00
948884,209239,5299,13798,0,20,0,0.00
948883,209238,5299,13798,0,33,0,0.00
948882,209237,5299,13798,0,34,1,2.94
948881,209236,5299,13798,1,30,2,6.67
948880,209235,5299,13798,0,19,3,15.79
948879,209234,5299,13798,0,20,1,5.00
948878,209233,5299,13798,0,20,2,10.00
948877,209232,5299,13798,0,35,0,0.00
948876,209231,5299,13798,0,17,0,0.00
948875,209230,5299,13798,0,39,0,0.00
948874,209229,5299,13798,0,19,0,0.00
948873,209228,5299,13798,0,30,0,0.00
948872,209227,5299,13798,0,31,1,3.23
948871,209226,5299,13798,0,19,0,0.00
948870,209225,5299,13798,0,19,3,15.79
948869,209224,5299,13798,0,20,0,0.00
948868,209223,5299,13798,0,21,0,0.00
948867,209222,5299,13798,0,31,1,3.23
948866,209221,5299,13798,0,20,0,0.00
948865,209220,5299,13798,0,24,0,0.00
948864,209219,5299,13798,0,20,0,0.00
948863,209218,5299,13798,0,19,2,10.53
948862,209217,5299,13798,0,29,0,0.00
948861,209216,5299,13798,0,19,0,0.00
948860,209215,5299,13798,0,21,2,9.52
948859,209214,5299,13798,0,20,0,0.00
948858,209213,5299,13798,0,19,0,0.00
948857,209212,5299,13798,0,21,0,0.00
948856,209211,5299,13798,0,41,0,0.00
948855,209210,5299,13798,0,19,1,5.26
948854,209209,5299,13798,0,24,0,0.00
948853,209208,5299,13798,0,40,2,5.00
948852,209207,5299,13798,0,20,0,0.00
948851,209206,5299,13798,0,31,0,0.00
948850,209205,5299,13798,0,10,1,10.00
948849,209204,5299,13798,0,20,0,0.00
948848,209203,5299,13798,0,33,1,3.03
948847,209202,5299,13798,0,20,2,10.00
948846,209201,5299,13798,0,20,0,0.00
948845,209200,5299,13798,0,15,0,0.00
948844,209199,5299,13798,0,20,0,0.00
948843,209198,5299,13798,0,20,2,10.00
948842,209197,5299,13798,0,20,0,0.00
948841,209196,5299,13798,1,20,3,15.00
948840,209195,5299,13798,0,27,6,22.22
948839,209194,5299,13798,0,17,1,5.88
948838,209193,5299,13798,0,27,1,3.70
948837,209192,5299,13798,0,21,0,0.00
948682,208991,5297,13796,0,16,0,0.00
948681,208990,5297,13796,0,36,0,0.00
948680,208989,5297,13796,0,16,0,0.00
948679,208988,5297,13796,0,16,0,0.00
948678,208987,5297,13796,0,30,0,0.00
948677,208986,5297,13796,0,19,0,0.00
948676,208985,5297,13796,0,19,0,0.00
948675,208984,5297,13796,0,17,0,0.00
948674,208983,5297,13796,0,14,1,7.14
948673,208982,5297,13796,0,25,0,0.00
948672,208981,5297,13796,0,17,0,0.00
948671,208980,5297,13796,0,17,0,0.00
948670,208979,5297,13796,0,16,0,0.00
948669,208978,5297,13796,0,29,0,0.00
948668,208977,5297,13796,0,17,0,0.00
948667,208976,5297,13796,0,31,1,3.23
948666,208975,5297,13796,0,27,2,7.41
948665,208974,5297,13796,0,16,0,0.00
948664,208973,5297,13796,0,18,0,0.00
948663,208972,5297,13796,0,15,0,0.00
948662,208971,5297,13796,0,33,0,0.00
948661,208970,5297,13796,0,31,0,0.00
948660,208969,5297,13796,0,19,0,0.00
948659,208968,5297,13796,0,20,0,0.00
948658,208967,5297,13796,0,16,0,0.00
948657,208966,5297,13796,0,18,2,11.11
948656,208965,5297,13796,0,16,0,0.00
948655,208964,5297,13796,0,33,1,3.03
948654,208963,5297,13796,0,18,0,0.00
948653,208962,5297,13796,0,34,1,2.94
948652,208961,5297,13796,0,33,0,0.00
948651,208960,5297,13796,0,16,0,0.00
948650,208959,5297,13796,0,17,0,0.00
948649,208958,5297,13796,0,20,1,5.00
948648,208957,5297,13796,1,17,7,41.18
948647,208956,5297,13796,0,29,0,0.00
948646,208955,5297,13796,0,32,0,0.00
948645,208954,5297,13796,0,23,0,0.00
948644,208953,5297,13796,0,35,0,0.00
948643,208952,5297,13796,0,29,0,0.00
948642,208951,5297,13796,0,33,0,0.00
948641,208950,5297,13796,0,21,0,0.00
948640,208949,5297,13796,0,19,0,0.00
948639,208948,5297,13796,0,20,0,0.00
948638,208947,5297,13796,0,20,0,0.00
948637,208946,5297,13796,0,21,0,0.00
948636,208945,5297,13796,0,16,0,0.00
948635,208944,5297,13796,0,19,0,0.00
948634,208943,5297,13796,0,20,0,0.00
948633,208942,5297,13796,0,21,0,0.00
948632,208941,5297,13796,0,18,0,0.00
948631,208940,5297,13796,0,16,0,0.00
948630,208939,5297,13796,0,16,0,0.00
948629,208938,5297,13796,1,25,3,12.00
948628,208937,5297,13796,0,33,1,3.03
948627,208936,5297,13796,0,20,0,0.00
948626,208935,5297,13796,0,26,0,0.00
948625,208934,5297,13796,0,17,0,0.00
948624,208933,5297,13796,0,19,0,0.00
948623,208932,5297,13796,0,21,0,0.00
948622,208931,5297,13796,0,30,0,0.00
948621,208930,5297,13796,1,29,9,31.03
948620,208929,5297,13796,1,18,1,5.56
948619,208928,5297,13796,0,17,0,0.00
948618,208927,5297,13796,0,16,0,0.00
948617,208926,5297,13796,0,17,0,0.00
948616,208925,5297,13796,0,19,0,0.00
948615,208924,5297,13796,0,20,0,0.00
948614,208923,5297,13796,0,19,1,5.26
948613,208922,5297,13796,0,17,0,0.00
948612,208921,5297,13796,1,31,12,38.71
948611,208920,5297,13796,0,24,1,4.17
948610,208919,5297,13796,0,19,0,0.00
948609,208918,5297,13796,0,28,1,3.57
948608,208917,5297,13796,0,17,0,0.00
948607,204015,5297,13796,0,19,0,0.00
948606,204014,5297,13796,0,15,0,0.00
948605,204013,5297,13796,0,16,0,0.00
